{
  "folds": [
    0,
    1,
    2,
    3,
    4
  ],
  "n_folds": 5,
  "task_definition": {
    "core_taste_labels": [
      "sweet",
      "bitter",
      "umami"
    ],
    "low_shot_taste_labels": [
      "sour",
      "salty"
    ],
    "threshold_selection": "validation",
    "pos_weight_cap": 10.0
  },
  "alignment": {
    "prototype_weight": 0.05,
    "strong_alignment_weight": 0.05,
    "strong_temperature": 0.07,
    "weak_taste_weight": 0.02,
    "weak_contrastive_weight": 0.01,
    "weak_temperature": 0.5
  },
  "inputs": [
    "outputs/v3_prototype_d/fold0_metrics.json",
    "outputs/v3_prototype_d/fold1_metrics.json",
    "outputs/v3_prototype_d/fold2_metrics.json",
    "outputs/v3_prototype_d/fold3_metrics.json",
    "outputs/v3_prototype_d/fold4_metrics.json"
  ],
  "test": {
    "odor": {
      "aldehydic": {
        "mean": 0.43266607228945564,
        "std": 0.04642509441450883,
        "values": [
          0.38162544169611307,
          0.5029940119760479,
          0.4236760124610592,
          0.40588235294117647,
          0.4491525423728814
        ]
      },
      "animalic": {
        "mean": 0.2653751073071878,
        "std": 0.0367283467304808,
        "values": [
          0.2127659574468085,
          0.24561403508771928,
          0.291970802919708,
          0.2727272727272727,
          0.3037974683544304
        ]
      },
      "fatty": {
        "mean": 0.5998987698731552,
        "std": 0.02676090262970621,
        "values": [
          0.5666666666666667,
          0.6140845070422535,
          0.5996705107084019,
          0.6357388316151202,
          0.5833333333333334
        ]
      },
      "floral": {
        "mean": 0.5509171580987084,
        "std": 0.06859677687264794,
        "values": [
          0.6727605118829981,
          0.5124183006535947,
          0.5264847512038523,
          0.5304568527918782,
          0.5124653739612188
        ]
      },
      "fruity": {
        "mean": 0.7277502132253139,
        "std": 0.03887518448541226,
        "values": [
          0.660280029476787,
          0.7565485362095532,
          0.7473251028806585,
          0.7302977232924693,
          0.744299674267101
        ]
      },
      "green": {
        "mean": 0.6473432175418553,
        "std": 0.02976706385323596,
        "values": [
          0.5976653696498054,
          0.6738232865400495,
          0.6614785992217899,
          0.6600706713780918,
          0.6436781609195402
        ]
      },
      "macro": {
        "mean": 0.49429792288039537,
        "std": 0.009727023718204972,
        "values": [
          0.48441432260819983,
          0.4869099263075831,
          0.5083317351805232,
          0.4993810901060476,
          0.492452540199623
        ]
      },
      "nutty": {
        "mean": 0.3366010494174786,
        "std": 0.19054460341051233,
        "values": [
          0.08695652173913043,
          0.21875,
          0.5849056603773585,
          0.4075829383886256,
          0.3848101265822785
        ]
      },
      "phenolic": {
        "mean": 0.22794807733808814,
        "std": 0.055251922465039995,
        "values": [
          0.32020997375328086,
          0.21052631578947367,
          0.1956521739130435,
          0.1797752808988764,
          0.23357664233576642
        ]
      },
      "spicy": {
        "mean": 0.2983028812684904,
        "std": 0.08284662722788474,
        "values": [
          0.4437564499484004,
          0.23469387755102042,
          0.272,
          0.2734584450402145,
          0.2676056338028169
        ]
      },
      "sulfurous": {
        "mean": 0.7731958815688209,
        "std": 0.027014742590772065,
        "values": [
          0.7958477508650519,
          0.7701863354037267,
          0.7806267806267806,
          0.7910863509749304,
          0.7282321899736148
        ]
      },
      "sweet_aromatic": {
        "mean": 0.529404816611927,
        "std": 0.05510866692545667,
        "values": [
          0.6217008797653959,
          0.5376549094375596,
          0.48987463837994216,
          0.507177033492823,
          0.4906166219839142
        ]
      },
      "woody": {
        "mean": 0.5421718300242635,
        "std": 0.05615322561137339,
        "values": [
          0.4527363184079602,
          0.565625,
          0.5263157894736842,
          0.5983193277310924,
          0.5678627145085804
        ]
      }
    },
    "taste": {
      "bitter": {
        "mean": 0.8152151744800198,
        "std": 0.05629786940764606,
        "values": [
          0.7325102880658436,
          0.8267090620031796,
          0.8006329113924051,
          0.8280060882800608,
          0.8882175226586103
        ]
      },
      "macro": {
        "mean": 0.7573337170813432,
        "std": 0.046533723175556645,
        "values": [
          0.6859416413813714,
          0.7783330058871855,
          0.7520118284906739,
          0.7574118725386577,
          0.8129702371088275
        ]
      },
      "sweet": {
        "mean": 0.7775844292478554,
        "std": 0.06037760676009891,
        "values": [
          0.6736292428198434,
          0.8178137651821862,
          0.8015564202334631,
          0.7775628626692457,
          0.8173598553345389
        ]
      },
      "umami": {
        "mean": 0.6792015475161542,
        "std": 0.03396515045174917,
        "values": [
          0.651685393258427,
          0.6904761904761905,
          0.6538461538461539,
          0.6666666666666666,
          0.7333333333333333
        ]
      }
    },
    "score": {
      "mean": 0.6258158199808692,
      "std": 0.024732349899215595,
      "values": [
        0.5851779819947855,
        0.6326214660973843,
        0.6301717818355985,
        0.6283964813223526,
        0.6527113886542253
      ]
    }
  },
  "retrieval": {
    "odor_profile": {
      "mrr": {
        "mean": 0.19033433050998788,
        "std": 0.06334192856012356,
        "values": [
          0.1755279691102275,
          0.10205338866327195,
          0.27755707188882384,
          0.1859703142703855,
          0.21056290861723065
        ]
      },
      "recall@1": {
        "mean": 0.11307467386414753,
        "std": 0.04508302921117058,
        "values": [
          0.07692307692307693,
          0.05555555555555555,
          0.15,
          0.15789473684210525,
          0.125
        ]
      },
      "recall@5": {
        "mean": 0.23226270805218174,
        "std": 0.13184161681429388,
        "values": [
          0.19230769230769232,
          0.1111111111111111,
          0.45,
          0.15789473684210525,
          0.25
        ]
      },
      "queries": [
        26,
        18,
        20,
        19,
        16
      ]
    },
    "taste_profile": {
      "mrr": {
        "mean": 0.7349264289944241,
        "std": 0.03238451726062494,
        "values": [
          0.7592966474891683,
          0.7556666666666666,
          0.6981992507696302,
          0.7606257378984651,
          0.7008438421481901
        ]
      },
      "recall@1": {
        "mean": 0.5999772157666895,
        "std": 0.06077956344711088,
        "values": [
          0.6578947368421053,
          0.6363636363636364,
          0.5454545454545454,
          0.6363636363636364,
          0.5238095238095238
        ]
      },
      "recall@5": {
        "mean": 0.8962633857370699,
        "std": 0.03741790964224393,
        "values": [
          0.8947368421052632,
          0.9545454545454546,
          0.8636363636363636,
          0.8636363636363636,
          0.9047619047619048
        ]
      },
      "queries": [
        38,
        22,
        22,
        22,
        21
      ]
    }
  }
}
