{
  "validation": {
    "odor": {
      "fruity": 0.7401709401709402,
      "floral": 0.508301404853129,
      "green": 0.6441844459738472,
      "woody": 0.5825932504440497,
      "fatty": 0.6243567753001715,
      "sulfurous": 0.7253886010362695,
      "spicy": 0.3167701863354037,
      "sweet_aromatic": 0.490234375,
      "nutty": 0.4688995215311005,
      "animalic": 0.3269230769230769,
      "phenolic": 0.2695035460992908,
      "aldehydic": 0.45294117647058824,
      "macro": 0.512522275011489
    },
    "taste": {
      "sweet": 0.8240165631469979,
      "bitter": 0.8793893129770992,
      "umami": 0.7924528301886793,
      "macro": 0.8319529021042588
    },
    "score": 0.6722375885578739
  },
  "test": {
    "odor": {
      "fruity": 0.7302977232924693,
      "floral": 0.5304568527918782,
      "green": 0.6600706713780918,
      "woody": 0.5983193277310924,
      "fatty": 0.6357388316151202,
      "sulfurous": 0.7910863509749304,
      "spicy": 0.2734584450402145,
      "sweet_aromatic": 0.507177033492823,
      "nutty": 0.4075829383886256,
      "animalic": 0.2727272727272727,
      "phenolic": 0.1797752808988764,
      "aldehydic": 0.40588235294117647,
      "macro": 0.4993810901060476
    },
    "taste": {
      "sweet": 0.7775628626692457,
      "bitter": 0.8280060882800608,
      "umami": 0.6666666666666666,
      "macro": 0.7574118725386577
    },
    "score": 0.6283964813223526
  },
  "test_at_fixed_threshold": {
    "odor": {
      "fruity": 0.7256153144940748,
      "floral": 0.5397260273972603,
      "green": 0.6538461538461539,
      "woody": 0.5838150289017341,
      "fatty": 0.5882352941176471,
      "sulfurous": 0.7754010695187166,
      "spicy": 0.2617283950617284,
      "sweet_aromatic": 0.5005149330587023,
      "nutty": 0.35013262599469497,
      "animalic": 0.2912621359223301,
      "phenolic": 0.17040358744394618,
      "aldehydic": 0.3969171483622351,
      "macro": 0.48646647617660194
    },
    "taste": {
      "sweet": 0.768361581920904,
      "bitter": 0.8,
      "umami": 0.6,
      "macro": 0.7227871939736347
    },
    "score": 0.6046268350751183
  },
  "thresholds": {
    "odor": [
      0.46,
      0.42,
      0.2,
      0.66,
      0.68,
      0.56,
      0.54,
      0.46,
      0.72,
      0.48,
      0.6,
      0.7
    ],
    "taste": [
      0.56,
      0.2,
      0.98
    ]
  },
  "retrieval": {
    "odor_profile": {
      "recall@1": 0.15789473684210525,
      "recall@5": 0.15789473684210525,
      "mrr": 0.1859703142703855,
      "queries": 19
    },
    "taste_profile": {
      "recall@1": 0.6363636363636364,
      "recall@5": 0.8636363636363636,
      "mrr": 0.7606257378984651,
      "queries": 22
    }
  },
  "split": {
    "test_fold": 3,
    "val_fold": 4
  },
  "task_definition": {
    "core_taste_labels": [
      "sweet",
      "bitter",
      "umami"
    ],
    "low_shot_taste_labels": [
      "sour",
      "salty"
    ],
    "threshold_selection": "validation",
    "pos_weight_cap": 10.0
  },
  "alignment": {
    "prototype_weight": 0.05,
    "strong_alignment_weight": 0.05,
    "strong_temperature": 0.07,
    "weak_taste_weight": 0.02,
    "weak_contrastive_weight": 0.01,
    "weak_temperature": 0.5
  },
  "checkpoint": "outputs/v3_prototype_d/fold3_best.pt"
}
