{
  "validation": {
    "odor": {
      "fruity": 0.719195305951383,
      "floral": 0.5620915032679739,
      "green": 0.6459802538787024,
      "woody": 0.5545286506469501,
      "fatty": 0.5842696629213483,
      "sulfurous": 0.7514792899408284,
      "spicy": 0.2926829268292683,
      "sweet_aromatic": 0.5172413793103449,
      "nutty": 0.5463917525773195,
      "animalic": 0.37333333333333335,
      "phenolic": 0.2558139534883721,
      "aldehydic": 0.4444444444444444,
      "macro": 0.520621038049189
    },
    "taste": {
      "sweet": 0.8389662027833003,
      "bitter": 0.8203389830508474,
      "umami": 0.7387387387387387,
      "macro": 0.7993479748576288
    },
    "score": 0.6599845064534089
  },
  "test": {
    "odor": {
      "fruity": 0.7661357921207042,
      "floral": 0.5458515283842795,
      "green": 0.6686346863468635,
      "woody": 0.5349794238683128,
      "fatty": 0.60932944606414,
      "sulfurous": 0.7465181058495822,
      "spicy": 0.23529411764705882,
      "sweet_aromatic": 0.5276679841897233,
      "nutty": 0.3687150837988827,
      "animalic": 0.34210526315789475,
      "phenolic": 0.18518518518518517,
      "aldehydic": 0.43103448275862066,
      "macro": 0.4967875916142706
    },
    "taste": {
      "sweet": 0.845691382765531,
      "bitter": 0.8448275862068966,
      "umami": 0.6823529411764706,
      "macro": 0.7909573033829661
    },
    "score": 0.6438724474986184
  },
  "test_at_fixed_threshold": {
    "odor": {
      "fruity": 0.7406698564593301,
      "floral": 0.5404255319148936,
      "green": 0.6415478615071283,
      "woody": 0.5450733752620545,
      "fatty": 0.6112759643916914,
      "sulfurous": 0.736,
      "spicy": 0.24390243902439024,
      "sweet_aromatic": 0.48120300751879697,
      "nutty": 0.3650190114068441,
      "animalic": 0.2900763358778626,
      "phenolic": 0.1917808219178082,
      "aldehydic": 0.4258373205741627,
      "macro": 0.48440096048791353
    },
    "taste": {
      "sweet": 0.8398268398268398,
      "bitter": 0.8631921824104235,
      "umami": 0.6947368421052632,
      "macro": 0.7992519547808422
    },
    "score": 0.6418264576343778
  },
  "thresholds": {
    "odor": [
      0.3,
      0.52,
      0.1,
      0.48,
      0.48,
      0.56,
      0.86,
      0.18,
      0.72,
      0.84,
      0.7,
      0.6
    ],
    "taste": [
      0.32,
      0.7,
      0.8
    ]
  },
  "split": {
    "test_fold": 1,
    "val_fold": 2
  },
  "task_definition": {
    "core_taste_labels": [
      "sweet",
      "bitter",
      "umami"
    ],
    "low_shot_taste_labels": [
      "sour",
      "salty"
    ],
    "threshold_selection": "validation",
    "pos_weight_cap": null
  },
  "alignment": {
    "model": "morgan_fingerprint_logreg",
    "radius": 2,
    "n_bits": 2048,
    "class_weight": "balanced",
    "solver": "liblinear",
    "C": 1.0
  }
}
