{
  "validation": {
    "odor": {
      "fruity": 0.7702479338842976,
      "floral": 0.5724770642201835,
      "green": 0.6989247311827957,
      "woody": 0.5833333333333334,
      "fatty": 0.6477462437395659,
      "sulfurous": 0.7677419354838709,
      "spicy": 0.2716049382716049,
      "sweet_aromatic": 0.5418410041841004,
      "nutty": 0.35509138381201044,
      "animalic": 0.4,
      "phenolic": 0.15228426395939088,
      "aldehydic": 0.47058823529411764,
      "macro": 0.5193234222804394
    },
    "taste": {
      "sweet": 0.891213389121339,
      "bitter": 0.8801313628899836,
      "umami": 0.7317073170731707,
      "macro": 0.8343506896948311
    },
    "score": 0.6768370559876352
  },
  "test": {
    "odor": {
      "fruity": 0.6549079754601227,
      "floral": 0.6467661691542289,
      "green": 0.5666666666666667,
      "woody": 0.43636363636363634,
      "fatty": 0.5676691729323309,
      "sulfurous": 0.7598566308243727,
      "spicy": 0.43340857787810383,
      "sweet_aromatic": 0.6052009456264775,
      "nutty": 0.19455252918287938,
      "animalic": 0.19230769230769232,
      "phenolic": 0.4175365344467641,
      "aldehydic": 0.3221884498480243,
      "macro": 0.48311874839094165
    },
    "taste": {
      "sweet": 0.7716535433070866,
      "bitter": 0.7714884696016772,
      "umami": 0.6590909090909091,
      "macro": 0.7340776406665577
    },
    "score": 0.6085981945287496
  },
  "test_at_fixed_threshold": {
    "odor": {
      "fruity": 0.6545454545454545,
      "floral": 0.6338461538461538,
      "green": 0.512707182320442,
      "woody": 0.4340836012861736,
      "fatty": 0.5759717314487632,
      "sulfurous": 0.75625,
      "spicy": 0.4198473282442748,
      "sweet_aromatic": 0.5685685685685685,
      "nutty": 0.1032258064516129,
      "animalic": 0.24615384615384617,
      "phenolic": 0.38345864661654133,
      "aldehydic": 0.32019704433497537,
      "macro": 0.46740461365140057
    },
    "taste": {
      "sweet": 0.7731958762886598,
      "bitter": 0.7672413793103449,
      "umami": 0.723404255319149,
      "macro": 0.7546138369727179
    },
    "score": 0.6110092253120593
  },
  "thresholds": {
    "odor": [
      0.28,
      0.46,
      0.36,
      0.52,
      0.56,
      0.76,
      0.66,
      0.28,
      0.26,
      0.64,
      0.14,
      0.62
    ],
    "taste": [
      0.52,
      0.38,
      0.8
    ]
  },
  "split": {
    "test_fold": 0,
    "val_fold": 1
  },
  "task_definition": {
    "core_taste_labels": [
      "sweet",
      "bitter",
      "umami"
    ],
    "low_shot_taste_labels": [
      "sour",
      "salty"
    ],
    "threshold_selection": "validation",
    "pos_weight_cap": null
  },
  "alignment": {
    "model": "morgan_fingerprint_logreg",
    "radius": 2,
    "n_bits": 2048,
    "class_weight": "balanced",
    "solver": "liblinear",
    "C": 1.0
  }
}
