{
  "validation": {
    "odor": {
      "fruity": 0.7560553633217993,
      "floral": 0.5088967971530249,
      "green": 0.6505847953216374,
      "woody": 0.5331452750352609,
      "fatty": 0.6239737274220033,
      "sulfurous": 0.6966292134831461,
      "spicy": 0.2913907284768212,
      "sweet_aromatic": 0.4885844748858447,
      "nutty": 0.48,
      "animalic": 0.32,
      "phenolic": 0.1858974358974359,
      "aldehydic": 0.49044585987261147,
      "macro": 0.5021336392391321
    },
    "taste": {
      "sweet": 0.8875,
      "bitter": 0.9004739336492891,
      "umami": 0.7272727272727273,
      "macro": 0.838415553640672
    },
    "score": 0.6702745964399021
  },
  "test": {
    "odor": {
      "fruity": 0.6865942028985508,
      "floral": 0.5075187969924813,
      "green": 0.6697318007662836,
      "woody": 0.5739130434782609,
      "fatty": 0.617363344051447,
      "sulfurous": 0.7125,
      "spicy": 0.31313131313131315,
      "sweet_aromatic": 0.5249457700650759,
      "nutty": 0.4230769230769231,
      "animalic": 0.20588235294117646,
      "phenolic": 0.12738853503184713,
      "aldehydic": 0.43086816720257237,
      "macro": 0.4827428541363276
    },
    "taste": {
      "sweet": 0.8194174757281554,
      "bitter": 0.8544303797468354,
      "umami": 0.631578947368421,
      "macro": 0.768475600947804
    },
    "score": 0.6256092275420658
  },
  "test_at_fixed_threshold": {
    "odor": {
      "fruity": 0.678396871945259,
      "floral": 0.4858490566037736,
      "green": 0.6263269639065817,
      "woody": 0.577391304347826,
      "fatty": 0.6172839506172839,
      "sulfurous": 0.7031700288184438,
      "spicy": 0.28444444444444444,
      "sweet_aromatic": 0.4473684210526316,
      "nutty": 0.38738738738738737,
      "animalic": 0.20754716981132076,
      "phenolic": 0.1592920353982301,
      "aldehydic": 0.45965770171149145,
      "macro": 0.4695096113370561
    },
    "taste": {
      "sweet": 0.8167330677290837,
      "bitter": 0.8469055374592834,
      "umami": 0.7,
      "macro": 0.787879535062789
    },
    "score": 0.6286945731999225
  },
  "thresholds": {
    "odor": [
      0.38,
      0.32,
      0.14,
      0.34,
      0.56,
      0.64,
      0.56,
      0.22,
      0.44,
      0.78,
      0.08,
      0.68
    ],
    "taste": [
      0.4,
      0.44,
      0.88
    ]
  },
  "split": {
    "test_fold": 3,
    "val_fold": 4
  },
  "task_definition": {
    "core_taste_labels": [
      "sweet",
      "bitter",
      "umami"
    ],
    "low_shot_taste_labels": [
      "sour",
      "salty"
    ],
    "threshold_selection": "validation",
    "pos_weight_cap": null
  },
  "alignment": {
    "model": "morgan_fingerprint_logreg",
    "radius": 2,
    "n_bits": 2048,
    "class_weight": "balanced",
    "solver": "liblinear",
    "C": 1.0
  }
}
