{
  "validation": {
    "odor": {
      "fruity": 0.6611068991660348,
      "floral": 0.668936170212766,
      "green": 0.5991058122205664,
      "woody": 0.4610169491525424,
      "fatty": 0.5625965996908809,
      "sulfurous": 0.7718120805369127,
      "spicy": 0.5061425061425061,
      "sweet_aromatic": 0.5718799368088467,
      "nutty": 0.26382978723404255,
      "animalic": 0.19230769230769232,
      "phenolic": 0.5360230547550432,
      "aldehydic": 0.3404255319148936,
      "macro": 0.5112652516785606
    },
    "taste": {
      "sweet": 0.7516778523489933,
      "bitter": 0.7717842323651453,
      "umami": 0.7692307692307693,
      "macro": 0.7642309513149693
    },
    "score": 0.637748101496765
  },
  "test": {
    "odor": {
      "fruity": 0.7538337368845843,
      "floral": 0.4823348694316436,
      "green": 0.6518282988871225,
      "woody": 0.5107692307692308,
      "fatty": 0.6246056782334385,
      "sulfurous": 0.6929577464788732,
      "spicy": 0.23140495867768596,
      "sweet_aromatic": 0.46490218642117376,
      "nutty": 0.45544554455445546,
      "animalic": 0.23008849557522124,
      "phenolic": 0.1878453038674033,
      "aldehydic": 0.46190476190476193,
      "macro": 0.47899340097379955
    },
    "taste": {
      "sweet": 0.8942115768463074,
      "bitter": 0.8995215311004785,
      "umami": 0.6984126984126984,
      "macro": 0.8307152687864946
    },
    "score": 0.6548543348801471
  },
  "test_at_fixed_threshold": {
    "odor": {
      "fruity": 0.7476635514018691,
      "floral": 0.5104761904761905,
      "green": 0.5876180482686254,
      "woody": 0.5259391771019678,
      "fatty": 0.628099173553719,
      "sulfurous": 0.6978021978021978,
      "spicy": 0.29523809523809524,
      "sweet_aromatic": 0.42105263157894735,
      "nutty": 0.48412698412698413,
      "animalic": 0.22388059701492538,
      "phenolic": 0.18705035971223022,
      "aldehydic": 0.46190476190476193,
      "macro": 0.48090431401504286
    },
    "taste": {
      "sweet": 0.8614718614718615,
      "bitter": 0.8961038961038961,
      "umami": 0.6885245901639344,
      "macro": 0.8153667825798974
    },
    "score": 0.6481355482974701
  },
  "thresholds": {
    "odor": [
      0.28,
      0.28,
      0.22,
      0.36,
      0.44,
      0.56,
      0.86,
      0.28,
      0.38,
      0.58,
      0.34,
      0.5
    ],
    "taste": [
      0.24,
      0.42,
      0.44
    ]
  },
  "split": {
    "test_fold": 4,
    "val_fold": 0
  },
  "task_definition": {
    "core_taste_labels": [
      "sweet",
      "bitter",
      "umami"
    ],
    "low_shot_taste_labels": [
      "sour",
      "salty"
    ],
    "threshold_selection": "validation",
    "pos_weight_cap": null
  },
  "alignment": {
    "model": "morgan_fingerprint_logreg",
    "radius": 2,
    "n_bits": 2048,
    "class_weight": "balanced",
    "solver": "liblinear",
    "C": 1.0
  }
}
