{
  "validation": {
    "odor": {
      "fruity": 0.7452229299363057,
      "floral": 0.5306122448979592,
      "green": 0.6666666666666666,
      "woody": 0.5748148148148148,
      "fatty": 0.6362038664323374,
      "sulfurous": 0.7134502923976608,
      "spicy": 0.28703703703703703,
      "sweet_aromatic": 0.5145145145145145,
      "nutty": 0.4479166666666667,
      "animalic": 0.24242424242424243,
      "phenolic": 0.22950819672131148,
      "aldehydic": 0.44192634560906513,
      "macro": 0.5025248181765485
    },
    "taste": {
      "sweet": 0.8408163265306122,
      "bitter": 0.8683812405446294,
      "umami": 0.7415730337078652,
      "macro": 0.8169235335943689
    },
    "score": 0.6597241758854586
  },
  "test": {
    "odor": {
      "fruity": 0.7174959871589085,
      "floral": 0.538961038961039,
      "green": 0.647184604419102,
      "woody": 0.526148969889065,
      "fatty": 0.5863309352517986,
      "sulfurous": 0.7368421052631579,
      "spicy": 0.29767441860465116,
      "sweet_aromatic": 0.506198347107438,
      "nutty": 0.29743589743589743,
      "animalic": 0.3287671232876712,
      "phenolic": 0.21052631578947367,
      "aldehydic": 0.3989071038251366,
      "macro": 0.4827060705827782
    },
    "taste": {
      "sweet": 0.8481012658227848,
      "bitter": 0.8053491827637445,
      "umami": 0.7567567567567568,
      "macro": 0.8034024017810953
    },
    "score": 0.6430542361819368
  },
  "test_at_fixed_threshold": {
    "odor": {
      "fruity": 0.690978886756238,
      "floral": 0.5397489539748954,
      "green": 0.5870646766169154,
      "woody": 0.5102420856610801,
      "fatty": 0.5857142857142857,
      "sulfurous": 0.7341040462427746,
      "spicy": 0.2843601895734597,
      "sweet_aromatic": 0.4707740916271722,
      "nutty": 0.329004329004329,
      "animalic": 0.2835820895522388,
      "phenolic": 0.208,
      "aldehydic": 0.40487804878048783,
      "macro": 0.46903764029198974
    },
    "taste": {
      "sweet": 0.8481012658227848,
      "bitter": 0.8381877022653722,
      "umami": 0.7563025210084033,
      "macro": 0.8141971630321868
    },
    "score": 0.6416174016620882
  },
  "thresholds": {
    "odor": [
      0.2,
      0.3,
      0.12,
      0.34,
      0.72,
      0.52,
      0.48,
      0.18,
      0.6,
      0.78,
      0.56,
      0.58
    ],
    "taste": [
      0.5,
      0.3,
      0.66
    ]
  },
  "split": {
    "test_fold": 2,
    "val_fold": 3
  },
  "task_definition": {
    "core_taste_labels": [
      "sweet",
      "bitter",
      "umami"
    ],
    "low_shot_taste_labels": [
      "sour",
      "salty"
    ],
    "threshold_selection": "validation",
    "pos_weight_cap": null
  },
  "alignment": {
    "model": "morgan_fingerprint_logreg",
    "radius": 2,
    "n_bits": 2048,
    "class_weight": "balanced",
    "solver": "liblinear",
    "C": 1.0
  }
}
