{
  "folds": [
    0,
    1,
    2,
    3,
    4
  ],
  "n_folds": 5,
  "task_definition": {
    "core_taste_labels": [
      "sweet",
      "bitter",
      "umami"
    ],
    "low_shot_taste_labels": [
      "sour",
      "salty"
    ],
    "threshold_selection": "validation",
    "pos_weight_cap": null
  },
  "alignment": {
    "model": "morgan_fingerprint_logreg",
    "radius": 2,
    "n_bits": 2048,
    "class_weight": "balanced",
    "solver": "liblinear",
    "C": 1.0
  },
  "inputs": [
    "outputs/v3_fingerprint_lr/fold0_metrics.json",
    "outputs/v3_fingerprint_lr/fold1_metrics.json",
    "outputs/v3_fingerprint_lr/fold2_metrics.json",
    "outputs/v3_fingerprint_lr/fold3_metrics.json",
    "outputs/v3_fingerprint_lr/fold4_metrics.json"
  ],
  "test": {
    "odor": {
      "aldehydic": {
        "mean": 0.40898059310782314,
        "std": 0.05338716818976121,
        "values": [
          0.3221884498480243,
          0.43103448275862066,
          0.3989071038251366,
          0.43086816720257237,
          0.46190476190476193
        ]
      },
      "animalic": {
        "mean": 0.2598301854539312,
        "std": 0.07049062639712397,
        "values": [
          0.19230769230769232,
          0.34210526315789475,
          0.3287671232876712,
          0.20588235294117646,
          0.23008849557522124
        ]
      },
      "fatty": {
        "mean": 0.6010597153066309,
        "std": 0.02356095503770292,
        "values": [
          0.5676691729323309,
          0.60932944606414,
          0.5863309352517986,
          0.617363344051447,
          0.6246056782334385
        ]
      },
      "floral": {
        "mean": 0.5442864805847345,
        "std": 0.06269521702970378,
        "values": [
          0.6467661691542289,
          0.5458515283842795,
          0.538961038961039,
          0.5075187969924813,
          0.4823348694316436
        ]
      },
      "fruity": {
        "mean": 0.7157935389045741,
        "std": 0.04621674618153842,
        "values": [
          0.6549079754601227,
          0.7661357921207042,
          0.7174959871589085,
          0.6865942028985508,
          0.7538337368845843
        ]
      },
      "green": {
        "mean": 0.6408092114172076,
        "std": 0.04263201876641663,
        "values": [
          0.5666666666666667,
          0.6686346863468635,
          0.647184604419102,
          0.6697318007662836,
          0.6518282988871225
        ]
      },
      "macro": {
        "mean": 0.48486973313962356,
        "std": 0.006870910199702196,
        "values": [
          0.48311874839094165,
          0.4967875916142706,
          0.4827060705827782,
          0.4827428541363276,
          0.47899340097379955
        ]
      },
      "nutty": {
        "mean": 0.3478451956098076,
        "std": 0.10453819764371357,
        "values": [
          0.19455252918287938,
          0.3687150837988827,
          0.29743589743589743,
          0.4230769230769231,
          0.45544554455445546
        ]
      },
      "phenolic": {
        "mean": 0.22569637486413469,
        "std": 0.11154715253908495,
        "values": [
          0.4175365344467641,
          0.18518518518518517,
          0.21052631578947367,
          0.12738853503184713,
          0.1878453038674033
        ]
      },
      "spicy": {
        "mean": 0.3021826771877626,
        "std": 0.08192069163433287,
        "values": [
          0.43340857787810383,
          0.23529411764705882,
          0.29767441860465116,
          0.31313131313131315,
          0.23140495867768596
        ]
      },
      "sulfurous": {
        "mean": 0.7297349176831972,
        "std": 0.02687521084672193,
        "values": [
          0.7598566308243727,
          0.7465181058495822,
          0.7368421052631579,
          0.7125,
          0.6929577464788732
        ]
      },
      "sweet_aromatic": {
        "mean": 0.5257830466819777,
        "std": 0.05099386310582042,
        "values": [
          0.6052009456264775,
          0.5276679841897233,
          0.506198347107438,
          0.5249457700650759,
          0.46490218642117376
        ]
      },
      "woody": {
        "mean": 0.5164348608737012,
        "std": 0.05046163534104025,
        "values": [
          0.43636363636363634,
          0.5349794238683128,
          0.526148969889065,
          0.5739130434782609,
          0.5107692307692308
        ]
      }
    },
    "taste": {
      "bitter": {
        "mean": 0.8351234298839264,
        "std": 0.048861944202374705,
        "values": [
          0.7714884696016772,
          0.8448275862068966,
          0.8053491827637445,
          0.8544303797468354,
          0.8995215311004785
        ]
      },
      "macro": {
        "mean": 0.7855256431129836,
        "std": 0.03649926230706694,
        "values": [
          0.7340776406665577,
          0.7909573033829661,
          0.8034024017810953,
          0.768475600947804,
          0.8307152687864946
        ]
      },
      "sweet": {
        "mean": 0.835815048893973,
        "std": 0.04484480677558014,
        "values": [
          0.7716535433070866,
          0.845691382765531,
          0.8481012658227848,
          0.8194174757281554,
          0.8942115768463074
        ]
      },
      "umami": {
        "mean": 0.6856384505610512,
        "std": 0.047061107349329674,
        "values": [
          0.6590909090909091,
          0.6823529411764706,
          0.7567567567567568,
          0.631578947368421,
          0.6984126984126984
        ]
      }
    },
    "score": {
      "mean": 0.6351976881263035,
      "std": 0.018185380083635995,
      "values": [
        0.6085981945287496,
        0.6438724474986184,
        0.6430542361819368,
        0.6256092275420658,
        0.6548543348801471
      ]
    }
  }
}
